{
    "ND": 0.7892266108092459,
    "RMSE": 4.086231866150476,
    "test_loss": 640730.625,
    "Q90": 1.3977872500985526,
    "Q50": 0.7898044990945365,
    "q50": 0.7898044979241933,
    "q90": 0.9420811500454872,
    "MAPE": 82.30811309814453
}